[{"id":"user-image-jhhhhhh.jpg","publicUrl":"np://user.desktop.nicepage.com/Site_94323060/images/jhhhhhh.jpg","size":107262,"hash":"rS311Id2qrfAZRSpi6K4AKAUrXo=","fileName":"jhhhhhh.jpg","name":"jhhhhhh","width":1620,"height":1080,"thumbnail":{"url":"np://user.desktop.nicepage.com/Site_94323060/images/thumbnails/jhhhhhh.jpg","width":250,"height":167},"folderId":null,"originalUrl":"//images01.nicepagecdn.com/c461c07a441a5d220e8feb1a/2cc1a632c8c5511c86638369/jhhhhhh.jpg","usages":["85155798"]},{"id":"user-image-power-symbol-sign-computer-icons-logo-png-favpng-RRT7LG2fT9FvBjDP44Qyff7xC-Photoroom.png","publicUrl":"np://user.desktop.nicepage.com/Site_94323060/images/power-symbol-sign-computer-icons-logo-png-favpng-RRT7LG2fT9FvBjDP44Qyff7xC-Photoroom.png","size":41340,"hash":"h1wi6d1JXrvkPFooukHT5ignWNo=","fileName":"power-symbol-sign-computer-icons-logo-png-favpng-RRT7LG2fT9FvBjDP44Qyff7xC-Photoroom.png","name":"power-symbol-sign-computer-icons-logo-png-favpng-RRT7LG2fT9FvBjDP44Qyff7xC-Photoroom","width":820,"height":512,"thumbnail":{"url":"np://user.desktop.nicepage.com/Site_94323060/images/thumbnails/power-symbol-sign-computer-icons-logo-png-favpng-RRT7LG2fT9FvBjDP44Qyff7xC-Photoroom.png","width":250,"height":156},"folderId":null,"usages":[]},{"id":"user-image-photo-1519111887837-a48ccf9edc00.jpeg","publicUrl":"np://user.desktop.nicepage.com/Site_94323060/images/photo-1519111887837-a48ccf9edc00.jpeg","size":124188,"hash":"9mghgII2Wx9F4K+y1AkEIh1Unyg=","fileName":"photo-1519111887837-a48ccf9edc00.jpeg","name":"photo-1519111887837-a48ccf9edc00","width":1080,"height":720,"thumbnail":{"url":"np://user.desktop.nicepage.com/Site_94323060/images/thumbnails/photo-1519111887837-a48ccf9edc00.jpeg","width":250,"height":167},"folderId":null,"originalUrl":"https://images.unsplash.com/photo-1519111887837-a48ccf9edc00?crop=entropy&cs=tinysrgb&fit=max&fm=jpg&ixid=M3w1NzgzNjl8MHwxfGNvbGxlY3Rpb258MTd8MzE1NTE0NHx8fHx8Mnx8MTc0OTk0OTg4NXw&ixlib=rb-4.1.0&q=80&w=1080","usages":["599318163"]},{"id":"user-image-photo-1510682657356-6ee07db8204b.jpeg","publicUrl":"np://user.desktop.nicepage.com/Site_94323060/images/photo-1510682657356-6ee07db8204b.jpeg","size":101603,"hash":"jisGoJAdhDRNaKOG/C/4N8rXgpk=","fileName":"photo-1510682657356-6ee07db8204b.jpeg","name":"photo-1510682657356-6ee07db8204b","width":1080,"height":608,"thumbnail":{"url":"np://user.desktop.nicepage.com/Site_94323060/images/thumbnails/photo-1510682657356-6ee07db8204b.jpeg","width":250,"height":141},"folderId":null,"originalUrl":"https://images.unsplash.com/photo-1510682657356-6ee07db8204b?crop=entropy&cs=tinysrgb&fit=max&fm=jpg&ixid=M3w1NzgzNjl8MHwxfGNvbGxlY3Rpb258MnwzMTU1MTQ0fHx8fHwyfHwxNzQ5OTQ5ODg1fA&ixlib=rb-4.1.0&q=80&w=1080","usages":["599318163"]},{"id":"user-image-photo-1574155267225-3b5423dd45d9.jpeg","publicUrl":"np://user.desktop.nicepage.com/Site_94323060/images/photo-1574155267225-3b5423dd45d9.jpeg","size":112547,"hash":"IXp7KjvoyWU4fTEhyTocbrXsopE=","fileName":"photo-1574155267225-3b5423dd45d9.jpeg","name":"photo-1574155267225-3b5423dd45d9","width":1080,"height":720,"thumbnail":{"url":"np://user.desktop.nicepage.com/Site_94323060/images/thumbnails/photo-1574155267225-3b5423dd45d9.jpeg","width":250,"height":167},"folderId":null,"originalUrl":"https://images.unsplash.com/photo-1574155267225-3b5423dd45d9?crop=entropy&cs=tinysrgb&fit=max&fm=jpg&ixid=M3w1NzgzNjl8MHwxfGNvbGxlY3Rpb258M3wzMTU1MTQ0fHx8fHwyfHwxNzQ5OTQ5ODg1fA&ixlib=rb-4.1.0&q=80&w=1080","usages":["599318163"]},{"id":"user-image-photo-1507901747481-84a4f64fda6d.jpeg","publicUrl":"np://user.desktop.nicepage.com/Site_94323060/images/photo-1507901747481-84a4f64fda6d.jpeg","size":140438,"hash":"t60/A72Bfcau46+mP1YQ3IeZsi4=","fileName":"photo-1507901747481-84a4f64fda6d.jpeg","name":"photo-1507901747481-84a4f64fda6d","width":1080,"height":720,"thumbnail":{"url":"np://user.desktop.nicepage.com/Site_94323060/images/thumbnails/photo-1507901747481-84a4f64fda6d.jpeg","width":250,"height":167},"folderId":null,"originalUrl":"https://images.unsplash.com/photo-1507901747481-84a4f64fda6d?crop=entropy&cs=tinysrgb&fit=max&fm=jpg&ixid=M3w1NzgzNjl8MHwxfGNvbGxlY3Rpb258NHwzMTU1MTQ0fHx8fHwyfHwxNzQ5OTQ5ODg1fA&ixlib=rb-4.1.0&q=80&w=1080","usages":["599318163"]},{"id":"user-image-photo-1546707012-c46675f12716.jpeg","publicUrl":"np://user.desktop.nicepage.com/Site_94323060/images/photo-1546707012-c46675f12716.jpeg","size":86619,"hash":"qjdS6+G+ghGgVOf6N+LKPJUZkB0=","fileName":"photo-1546707012-c46675f12716.jpeg","name":"photo-1546707012-c46675f12716","width":1080,"height":721,"thumbnail":{"url":"np://user.desktop.nicepage.com/Site_94323060/images/thumbnails/photo-1546707012-c46675f12716.jpeg","width":250,"height":167},"folderId":null,"originalUrl":"https://images.unsplash.com/photo-1546707012-c46675f12716?crop=entropy&cs=tinysrgb&fit=max&fm=jpg&ixid=M3w1NzgzNjl8MHwxfGNvbGxlY3Rpb258NXwzMTU1MTQ0fHx8fHwyfHwxNzQ5OTQ5ODg1fA&ixlib=rb-4.1.0&q=80&w=1080","usages":["599318163"]},{"id":"user-image-photo-1520600661691-801f48869ee4.jpeg","publicUrl":"np://user.desktop.nicepage.com/Site_94323060/images/photo-1520600661691-801f48869ee4.jpeg","size":144238,"hash":"wXtPcYV2noYAoMwAAkvCuGRFNV0=","fileName":"photo-1520600661691-801f48869ee4.jpeg","name":"photo-1520600661691-801f48869ee4","width":1080,"height":721,"thumbnail":{"url":"np://user.desktop.nicepage.com/Site_94323060/images/thumbnails/photo-1520600661691-801f48869ee4.jpeg","width":250,"height":167},"folderId":null,"originalUrl":"https://images.unsplash.com/photo-1520600661691-801f48869ee4?crop=entropy&cs=tinysrgb&fit=max&fm=jpg&ixid=M3w1NzgzNjl8MHwxfGNvbGxlY3Rpb258MTl8MzE1NTE0NHx8fHx8Mnx8MTc0OTk0OTg4NXw&ixlib=rb-4.1.0&q=80&w=1080","usages":["599318163"]},{"id":"user-image-photo-1533137098665-47ca60257cec.jpeg","publicUrl":"np://user.desktop.nicepage.com/Site_94323060/images/photo-1533137098665-47ca60257cec.jpeg","size":171939,"hash":"rD1LHw/eIGLvMlKJWEU0O9gozDE=","fileName":"photo-1533137098665-47ca60257cec.jpeg","name":"photo-1533137098665-47ca60257cec","width":1080,"height":720,"thumbnail":{"url":"np://user.desktop.nicepage.com/Site_94323060/images/thumbnails/photo-1533137098665-47ca60257cec.jpeg","width":250,"height":167},"folderId":null,"originalUrl":"https://images.unsplash.com/photo-1533137098665-47ca60257cec?crop=entropy&cs=tinysrgb&fit=max&fm=jpg&ixid=M3w1NzgzNjl8MHwxfGNvbGxlY3Rpb258MjB8MzE1NTE0NHx8fHx8Mnx8MTc0OTk0OTg4NXw&ixlib=rb-4.1.0&q=80&w=1080","usages":["599318163"]},{"id":"user-image-photo-1546707012-0c9f63ba29b9.jpeg","publicUrl":"np://user.desktop.nicepage.com/Site_94323060/images/photo-1546707012-0c9f63ba29b9.jpeg","size":69021,"hash":"sHi8OhTceQo6bXpHZzYhz1QwB9o=","fileName":"photo-1546707012-0c9f63ba29b9.jpeg","name":"photo-1546707012-0c9f63ba29b9","width":1080,"height":721,"thumbnail":{"url":"np://user.desktop.nicepage.com/Site_94323060/images/thumbnails/photo-1546707012-0c9f63ba29b9.jpeg","width":250,"height":167},"folderId":null,"originalUrl":"https://images.unsplash.com/photo-1546707012-0c9f63ba29b9?crop=entropy&cs=tinysrgb&fit=max&fm=jpg&ixid=M3w1NzgzNjl8MHwxfGNvbGxlY3Rpb258N3wzMTU1MTQ0fHx8fHwyfHwxNzQ5OTQ5ODg1fA&ixlib=rb-4.1.0&q=80&w=1080","usages":["599318163"]},{"id":"user-image-photo-1540039155733-5bb30b53aa14.jpeg","publicUrl":"np://user.desktop.nicepage.com/Site_94323060/images/photo-1540039155733-5bb30b53aa14.jpeg","size":88639,"hash":"pONpdoJ34lbCwJ+nknMkT3tCZts=","fileName":"photo-1540039155733-5bb30b53aa14.jpeg","name":"photo-1540039155733-5bb30b53aa14","width":1080,"height":810,"thumbnail":{"url":"np://user.desktop.nicepage.com/Site_94323060/images/thumbnails/photo-1540039155733-5bb30b53aa14.jpeg","width":250,"height":188},"folderId":null,"originalUrl":"https://images.unsplash.com/photo-1540039155733-5bb30b53aa14?crop=entropy&cs=tinysrgb&fit=max&fm=jpg&ixid=M3w1NzgzNjl8MHwxfGNvbGxlY3Rpb258MXwzMTU1MTQ0fHx8fHwyfHwxNzQ5OTQ5ODg1fA&ixlib=rb-4.1.0&q=80&w=1080","usages":["599318163"]}]