[{"id":131207818,"title":"Blog Template","order":1,"templateKey":"blog","customTemplate":false,"customTemplateFilename":null,"pageLinks":[],"dateCreated":"2025-06-15T01:17:45.569Z","dateUpdated":"2025-06-15T01:17:46.608Z","folderId":null,"pageName":"Blog Template","serverPageId":null,"sectionCount":1,"status":2,"backwardUrl":null},{"id":685627280,"title":"Post Template","order":2,"templateKey":"post","customTemplate":false,"customTemplateFilename":null,"pageLinks":[],"dateCreated":"2025-06-15T01:17:45.649Z","dateUpdated":"2025-06-15T01:17:46.609Z","folderId":null,"pageName":"Post Template","serverPageId":null,"sectionCount":1,"status":2,"backwardUrl":null},{"id":4590181,"title":"Product List Template","order":3,"templateKey":"products","customTemplate":false,"customTemplateFilename":null,"pageLinks":[],"dateCreated":"2025-06-15T01:17:45.734Z","dateUpdated":"2025-06-15T01:17:46.609Z","folderId":null,"pageName":"Product List Template","serverPageId":null,"sectionCount":1,"status":2,"backwardUrl":null},{"id":246057172,"title":"Product Details Template","order":4,"templateKey":"product","customTemplate":false,"customTemplateFilename":null,"pageLinks":[],"dateCreated":"2025-06-15T01:17:45.821Z","dateUpdated":"2025-06-15T01:17:46.609Z","folderId":null,"pageName":"Product Details Template","serverPageId":null,"sectionCount":1,"status":2,"backwardUrl":null},{"id":376207412,"title":"Shopping Cart Template","order":5,"templateKey":"cart","customTemplate":false,"customTemplateFilename":null,"pageLinks":[],"dateCreated":"2025-06-15T01:17:45.898Z","dateUpdated":"2025-06-15T01:17:46.609Z","folderId":null,"pageName":"Shopping Cart Template","serverPageId":null,"sectionCount":1,"status":2,"backwardUrl":null},{"id":887412272,"title":"Checkout Template","order":6,"templateKey":"checkout","customTemplate":false,"customTemplateFilename":null,"pageLinks":[],"dateCreated":"2025-06-15T01:17:45.997Z","dateUpdated":"2025-06-15T01:17:46.609Z","folderId":null,"pageName":"Checkout Template","serverPageId":null,"sectionCount":1,"status":2,"backwardUrl":null},{"id":121103136,"title":"Login Template","order":7,"templateKey":"login","customTemplate":false,"customTemplateFilename":null,"pageLinks":[],"dateCreated":"2025-06-15T01:17:46.064Z","dateUpdated":"2025-06-15T01:17:46.609Z","folderId":null,"pageName":"Login Template","serverPageId":null,"sectionCount":1,"status":2,"backwardUrl":null},{"id":60866539,"title":"Search Page Template","order":8,"templateKey":"Search","customTemplate":false,"customTemplateFilename":null,"pageLinks":[],"dateCreated":"2025-06-15T01:17:46.116Z","dateUpdated":"2025-06-15T01:17:46.609Z","folderId":null,"pageName":"Search Page Template","serverPageId":null,"sectionCount":1,"status":2,"backwardUrl":null},{"id":1924126560,"title":"Page Password Template","order":9,"templateKey":"password","customTemplate":false,"customTemplateFilename":null,"pageLinks":[],"dateCreated":"2025-06-15T01:17:46.175Z","dateUpdated":"2025-06-15T01:17:46.609Z","folderId":null,"pageName":"Page Password Template","serverPageId":null,"sectionCount":1,"status":2,"backwardUrl":null},{"id":230713773,"title":"404 Not Found Template","order":10,"templateKey":"404","customTemplate":false,"customTemplateFilename":null,"pageLinks":[],"dateCreated":"2025-06-15T01:17:46.221Z","dateUpdated":"2025-06-15T01:17:46.610Z","folderId":null,"pageName":"404 Not Found Template","serverPageId":null,"sectionCount":1,"status":2,"backwardUrl":null},{"id":71111673,"title":"Thank You Page Template","order":11,"templateKey":"ThankYou","customTemplate":false,"customTemplateFilename":null,"pageLinks":[],"dateCreated":"2025-06-15T01:17:46.262Z","dateUpdated":"2025-06-15T01:17:46.610Z","folderId":null,"pageName":"Thank You Page Template","serverPageId":null,"sectionCount":1,"status":2,"backwardUrl":null},{"id":599318163,"title":"Giriş","order":50,"templateKey":null,"customTemplate":false,"customTemplateFilename":null,"pageLinks":[],"dateCreated":"2025-06-15T01:19:03.077Z","dateUpdated":"2025-06-15T02:05:03.219Z","folderId":null,"pageName":"Giriş_599318163","serverPageId":null,"sectionCount":8,"status":2,"backwardUrl":null},{"id":66085235,"title":"Hakkında","order":100,"templateKey":null,"customTemplate":false,"customTemplateFilename":null,"pageLinks":[],"dateCreated":"2025-06-15T01:17:46.294Z","dateUpdated":"2025-06-15T02:04:12.182Z","folderId":null,"pageName":"Hakkında_66085235","serverPageId":null,"sectionCount":1,"status":2,"backwardUrl":null},{"id":85155798,"title":"iletişim","order":104,"templateKey":null,"customTemplate":false,"customTemplateFilename":null,"pageLinks":[],"dateCreated":"2025-06-15T01:42:42.818Z","dateUpdated":"2025-06-15T01:52:09.327Z","folderId":null,"pageName":"iletişim_85155798","serverPageId":null,"sectionCount":1,"status":2,"backwardUrl":null}]